date,code,rank,brand,product,price,like
20260323,2301047,1,오쏘몰,"""독일 명품 비타민"" 오쏘몰 이뮨 멀티비타민&미네랄 7입 - 단독 기프트박스 증정 (공식수입)",34000,170000
20260323,7608679,2,옵티젠,"""한국인 맞춤 비타민"" 옵티젠 이뮨 멀티비타민&미네랄 10입 / 1박스",29900,50000
20260323,556025,3,정관장,"""면역력 선물"" [정관장] 에브리타임 레귤러 (10ml x 30포) _ 대한민국 명품 홍삼정농축액 함유",69000,40000
20260323,2484405,4,오쏘몰,"""독일 명품 비타민"" 오쏘몰 이뮨 멀티비타민&미네랄 30+1입 - 시그니처 기프트 에디션 (공식수입)",109000,40000
20260323,11866425,5,오쏘몰,"""독일 명품 비타민"" 오쏘몰 이뮨 멀티비타민&미네랄 10입(7+3) - 스페셜 기프트 에디션 (공식수입)",45000,6976
20260323,3252731,6,고려은단,"""고함량 비타민C"" 고려은단 메가도스C 3000 100포 / 분말비타민C",24900,10000
20260323,7066484,7,정관장,"""에너지선물"" [정관장] 활기력 에너지박스 (20ml x 20병)",39900,30000
20260323,12725471,8,로트벡쉔,"""독일 대표 브랜드"" 로트벡쉔 이뮨샷 올인원 비타민 플러스 1박스(10병) 2종 택1 + 에코백 증정 면역 + 멀티비타민",46000,565
20260323,7320451,10,센트룸,[센트룸] 맛있는 멀티비타민 미네랄 멀티구미 (80구미),24000,50000
20260323,10056171,11,뉴트리포유,"""명품 비타민"" 뉴트리포유 듀얼+ 이뮨 종합 멀티비타민&미네랄 7입+2입 증정 - 선물하기 단독 에디션",19900,20000
20260323,7044096,12,고려은단,"""최고심 유리컵 증정"" 고려은단 메가도스 이뮨샷 최고심 에디션 (20개입)+유리컵 증정 / 멀티비타민 아미노산 아르기닌",37900,20000
20260323,12159594,13,정관장,"""신상비타민선물"" [정관장] 활기마이트(액상30ml+분말500mg) 7입 + [증정]  러쉬 바디숍",35000,3911
20260323,12805409,14,옵티젠,"""간건강+스트레스 피로개선""옵티젠 바이탈 밀크씨슬&비타민(B,C,D,E)or리프레쉬 마그네슘&징코플러스 10입_",29900,10000
20260323,2941722,15,정관장,"""에너지선물"" [정관장] 활기력 맥스 에너지박스 (20ml x 16병) + [증정] 활기마이트 1입",39900,20000
20260323,8254873,16,정관장,[정관장] 에브리타임 샷 (20ml x 30병) _ 대한민국 명품 홍삼정농축액 함유,88900,10000
20260323,10263702,17,뉴트리원,"""1등 비타민"" [뉴트리원] 올인원 종합비타민 이뮨샷 2박스(14병/2주분) +쇼핑백&2병/ 멀티비타민&미네랄&명품비타민",32900,9673
20260323,5551542,18,종근당건강,"""프리미엄 비타민"" 아임비타 멀티비타민 이뮨샷 1박스(5입)",12900,20000
20260323,3947030,19,센트룸,[센트룸] Best 멀티비타민 6종 택1 (맨/우먼/칼슘+D/에너지B),27000,20000
20260323,6576216,20,종근당건강,[카쇼라 증정 이벤트] 아임비타 멀티비타민 이뮨샷 1박스(10입) + 락토핏 골드 30포 / 비타민선물 응원선물 신년 새해 선물 직장동료선물,29900,60000
20260323,8167919,21,오쏘몰,"""독일 오쏘몰 신제품"" 오쏘몰 바이탈 m/f 남성/여성 선택가능 14입 - 시그니처 기프트 에디션 (공식수입)",59800,10000
20260323,5374831,22,정원삼,"""면역력 증진"" 정원삼 6년근 고려홍삼정 365스틱 30포",28900,20000
20260323,6371333,23,정관장,"[정관장] 활기력부스터 박스 (400mg x 20정 + 20ml x 20병,이중복합제형)",58500,10000
20260323,10575746,24,옵티젠,"""한국인 맞춤 비타민"" 옵티젠 이뮨 멀티비타민&미네랄 / 옵티젠 리프레쉬 마그네슘&징코플러스/ 바이탈 밀크씨슬&비타민 (7입) 택1",22900,5485
20260323,3812966,25,려원담,"[추천GIFT] ""활력과 기력이 필요한 당신"" 6년근 홍삼 활기담 홍삼 앰플 30병 (쇼핑백)_건강기능식품",50000,10000
20260323,7948462,26,종근당,"""올인원 명품비타민"" 이뮨 멀티비타민 미네랄 7+2입 마시는 액상 종합 비타민 수험생 직장인 부모님 건강 선물",23800,30000
20260323,6292266,27,GNM자연의품격,"""30일팩"" [한판에 종합비타민+밀크씨슬+루테인+알티지오메가3] GNM 올인원 뉴트리션 멀티비타민 1박스",32900,10000
20260323,5443650,28,GNM자연의품격,"""+본품2병 증정"" GNM 올인원 이뮨 액상 종합비타민 2박스 (총 14+2병) / 멀티비타민 이뮨비타민 부모님 직장인 선물",31900,20000
20260323,7300546,29,원기담,"""당신을 위한 면역력"" 원기담 6년근 홍삼정 활력 20gx20병",29500,9325
20260323,11683125,30,려원담,"""100일의 면역력"" 6년근 홍삼정 에버타임 스탠다드 홍삼 스틱 100포 (원통)",37800,8090
20260323,11566779,31,한끼통살,[한끼통살] 닭가슴살 한달 식단패키지 30팩+(증정)보냉백,45500,6440
20260323,10903147,32,닥터블릿,"""올인원 명품비타민"" 이뮨비타민 올인원 멀티비타민&미네랄 프로 30병+쇼핑백증정",52900,2994
20260323,7759046,33,덴프스,"""덴마크직수입 유산균"" 덴마크 유산균이야기 2개월분 부모님 수험생 직장인 선물 실온보관 유산균 100억 CFU 보장",30000,8771
20260323,7596517,34,종근당,"""올인원 명품비타민"" 이뮨 종합 멀티비타민 14+2입 미네랄 이뮨비타민 수험생 직장인 부모님 건강 선물",43500,10000
20260323,12114570,35,엔젯오리진,[새콤달콤 비타민젤리] 엔젯오리진 식물성 멀티비타민 미네랄 피치레몬맛 60구미 (1개월분),9800,3004
20260323,11654769,36,려원담,"""면역력과 피로개선 필요한 당신"" 6년근 홍삼정 에버타임 홍삼 스틱 30포 (쇼핑백)_카쇼페",29800,7656
20260323,6962146,37,GNC,"""미국에서온명품비타민"" GNC 멀티비타민 + 밀크씨슬 선물세트 + 신년카드 + 리미티드 패키지 + 감사카드",30000,8582
20260323,1300056,38,정관장,[정관장] 활기력 (20ml X 16병),46000,10000
20260323,2103519,39,고려은단,고려은단 비타민C 1000 180정/이지+비타민D 180정(2종 택1),18000,20000
20260323,8475974,40,농협-한삼인,"[카쇼페] ""하루1병 건강관리"" 한삼인 홍삼진 굿데이앰플 20병+선물포장+쇼핑백+리뷰 스벅쿠폰/직장인 친구 지인 선물",30500,20000
20260323,8213408,41,오쏘몰,"""독일 오쏘몰 신제품"" 오쏘몰 바이탈 m/f 남성/여성 선택가능 30+1입 기획팩 - 시그니처 기프트 에디션 (공식수입)",109000,4915
20260323,11731899,42,고려은단,"""NEW"" 고려은단 멀티비타민 올인원 종합비타민 60정 (4종 택1)",21900,7810
20260323,9973467,43,내츄럴플러스,"""피로개선&활력"" 내츄럴플러스 피로개선 액상 멀티비타민 이뮨샷 7병 2박스+이뮨2병+쇼핑백/ 밀크씨슬 액상 비타민",30000,10000
20260323,5347593,44,홀랜드앤바렛,"""건강선물 추천"" 영국에서 온 프리미엄 비타민 홀랜드앤바렛 영양제 3종 세트 (필케이스 증정)",39000,20000
20260323,10244910,45,정관장(LuX),[정관장] 에브리타임 샷 코어 (20ml x 30병) _ 대한민국 명품 홍삼,135000,2475
20260323,7621131,46,정관장,[정관장] 에브리타임 샷 (20ml x 20병) _ 대한민국 명품 홍삼정농축액 함유,61800,8985
20260323,7228300,47,노티드(건강),"""귀여운 비타민젤리"" [사쉐 증정] 노티드 비타민 꾸미 (60구미) + 구미파우치 증정 / 멀티비타민 비타민C D 유산균",17900,30000
20260323,7228282,48,노티드(건강),"""맛있는 구미 비타민"" [돗자리 증정 EVENT/사쉐증정] 노티드 비타민 꾸미 선물세트 단독에디션(120구미) + 쇼핑백 증정 / 멀티비타민",29900,20000
20260323,1375498,49,종근당건강,"[헬로키티 에디션] ""네임택 단독 증정"" [단독] 락토핏 골드 선물세트 헬로키티 에디션(3개월분) + 헬로키티 네임택 증정",22900,30000
20260323,976953,50,고려은단,"""1등 비타민C"" 고려은단 비타민C 1000 300정 (10개월분)",30000,4827
20260323,10894352,51,덴프스,"""원조 한팩비타민"" 트루바이타민 1박스(1개월분) 고함량 비타민 부모님 수험생 직장인 선물 활력충전 프리미엄 멀티비타민",25000,4209
20260323,7556791,52,익스트림,"[선물포장] ""에너지 활력선물"" [김종국 추천세트]익스트림 아르기닌정 (2개월분) & 마카800 (1.5개월분) + 선물포장",29900,20000
20260323,11320107,53,엔젯오리진,"""맛있는 비타민 젤리"" [벨리곰 PICK] 엔젯오리진 비타민 구미 모음전 택1(멀티/귤젤리/엘더베리/비타민B/비타민D/석류콜라겐구미)",11900,6724
20260323,1283024,54,GNM자연의품격,"""지금은 힘낼시간"" [4개월분] GNM 건강한 간 밀크씨슬 선물세트 1박스 / 실리마린 비타민B 부모님 직장인 수험생 선물",21900,10000
20260323,4925961,55,허벌랜드,"""캐나다명품비타민젤리"" 허벌랜드 5종(면역부스트/멀티비타민/고함량 비타민D/눈건강 루테인/고함량 비오틴)식물성구미비타민젤리 택1",15900,40000
20260323,12030646,56,고려은단,"""최고심 유리컵 증정"" 고려은단 최고심 비타민C 쏠라C 젤리스틱 30포",27000,8406
20260323,4965835,57,아일로,"""선물하기 1등콜라겐"" 아일로 타입1 콜라겐 비오틴 앰플 28일분 달항아리 에디션 (고급 패키징 + 쇼핑백 증정)",61900,10000
20260323,7512381,58,설혜담,"""진세노 10mg"" [단독에디션/몰티져스증정] 춘식이가 응원해! 힘내라 홍삼정 6년근 홍삼스틱 30포 1박스/생일 축하 졸업 입학 응원 개업 선물",19500,20000
20260323,10028799,59,센트룸,[센트룸] 맛있는 멀티비타민 미네랄 멀티구미 (40구미),15000,10000
20260323,2119039,60,광동생활건강,"[광동]""선물 만족도 98% 비타500데일리스틱 2g*30포",9900,30000
20260323,9826560,61,동국제약,"""올인원비타민 2개월분"" 동국제약 마이핏V 멀티비타민 올인원 이뮨 60정(2개월분) + 쇼핑백",9900,30000
20260323,11206058,62,뉴트리포유,"""명품 비타민"" 뉴트리포유 듀얼+ 이뮨 종합 멀티비타민&미네랄 10입+2입 증정 - 선물하기 단독 기획팩",29900,4349
20260323,11190425,63,설혜담,"""22종 멀티비타민"" 춘식이 파워 이뮨 멀티비타민 & 미네랄 7입 / 생일 응원 가벼운선물 부모님 직장인 수험생 건강 선물",21900,20000
20260323,8115910,64,아젠다,"""엄마부터 챙기세요"" 독일산 명품 여성 멀티 비타민 임신/출산 축하 기프트 AGENDA 에너지 충전 헤리티지 2개입 스페셜 기프트 패키지 SET",49900,6782
20260323,11574965,65,고려은단,"""맛있는 비타민 젤리"" 고려은단 멀티비타민 구미 (마루는강쥐 에디션) 60구미",14900,8982
20260323,2573146,66,고려은단,"""비타민C+D"" 고려은단 비타민C 1000 이지+비타민D 120정",12000,10000
20260323,7267751,67,옵티젠,"""한국인 맞춤 비타민"" 옵티젠 이뮨 멀티비타민&미네랄/바이탈 밀크씨슬&비타민(B,C,D,E)/리프레쉬 마그네슘&징코플러스/10입x2박스 +패키지",50000,5666
20260323,10650891,68,뉴트리포유,"""명품 비타민"" 뉴트리포유 듀얼+ 이뮨 종합 멀티비타민&미네랄 30입+2입 증정 - 선물하기 단독 기획팩",56900,4634
20260323,7575872,69,닥터프로그램,"""임신/출산 축하선물"" [선물 박스]닥터프로그램 차병원 마더스케어 올인원 플러스 (1개월분) 임신준비 임산부 출산 후 영양제 엽산 종합 멀티비타민",54900,1188
20260323,9980937,70,플라이밀,"""속세의맛"" 플라이밀 단백질쉐이크 1통+보틀세트, 13가지맛 택1 + 쇼핑백증정",26900,10000
20260323,12201735,71,한끼통살,[부족함 없이 인기상품만 넣은] [한끼통살]닭가슴살 Non-stop 올인원 패키지 36팩+[증정]수저세트,50900,459
20260323,9499437,72,농협-한삼인,"[카쇼페] ""홍삼앰플+비타민9병"" 농협 한삼인 멀티비타G 이뮨샷 (7+2입)+리뷰 스벅쿠폰/홍삼+멀티비타민+미네랄 20종/직장인 친구 연인 선물",21900,30000
20260323,12052068,73,종근당,"""직장인 30일 습관"" 이뮨듀오 올인원 비타민 멀티팩 1박스/ 밀크씨슬+테아닌+멀티비타민 미네랄 간 건강 피로개선 피로회복",35600,3073
20260323,3948199,74,센트룸,[센트룸] 멀티비타민 2종 선택 (맨/우먼/칼슘/비타민B 옵션),48000,4442
20260323,11090567,75,옵티젠,"""한국인 맞춤 비타민"" 옵티젠 이뮨 멀티비타민&미네랄 30입 / 1박스",74900,1663
20260323,682864,76,종근당건강,"[카쇼라 증정 이벤트] ""온가족 유산균 선물"" 락토핏 골드 3통(150일분) + 락토핏 코어 1개월분 증정",40900,2413
20260323,10656153,77,닥터브라이언,"""복숭아 비타민 젤리"" 맛있는 복숭아 비타민C&D 구미 기획전 (멀티비타민,비오틴,비타민D 등)",15900,10000
20260323,6968827,78,GNM자연의품격,GNM 올인원 이뮨 액상 종합비타민 1박스 (총 7병) / 이뮨샷 멀티비타민 이뮨비타민 부모님 수험생 선물,19900,10000
20260323,11839566,79,푸드올로지,"[단독/콜라겐 7포 증정] ""EU인증"" 지중해 프리미엄 올리브 오일 캡슐 기획 세트(60캡슐/30일분)",30900,6936
20260323,326194,80,고려은단,"""1등 비타민C"" 고려은단 비타민C 1000 120정 (4개월분)",14000,3504
20260323,2925688,81,GNM자연의품격,"""한팩에 멀티 종합비타민+밀크씨슬+오메가3+루테인+코큐텐"" GNM 올인원솔루션멀티팩 1박스 / 부모님 직장인 수험생 선물",41900,7184
20260323,1358556,82,정관장,"""면역선물"" [정관장] 에브리타임 소프트 (10ml x 30포) _ 대한민국 명품 홍삼",80500,2009
20260323,758604,83,잼/청/꿀,"""하루한포 건강선물"" 100% 국내산 1+등급 프리미엄 천연꿀 데일리허니 꿀 스틱 30포 (선물포장)",21900,20000
20260323,5840476,84,홀랜드앤바렛,영국 프리미엄 영양제 2종 세트 (선물포장),27500,4827
20260323,6352718,85,삼대오백,[헬스/운동] 삼대오백 모노 크레아틴 100서빙 부스터 아르기닌 카페인,17900,4256
20260323,9294211,86,옵티젠,"""간건강+스트레스 피로개선"" 옵티젠 바이탈 밀크씨슬 & 비타민(B,C,D,E) 10입 x 2박스 (+GIFT패키지)",50000,2729
20260323,10125720,87,고려은단,"""명품 원료"" 고려은단 메가도스 이뮨샷 10개입 X 3개 (30개입) / 멀티비타민 아미노산 아르기닌",52900,2053
20260323,10848340,88,한끼통살,[한끼통살] 닭가슴살 순삭 10팩세트(소스통살5+닭가슴살볼5),17900,4624
20260323,1060257,89,종근당,"""칼마디 뼈건강 선물"" 종근당 칼슘 마그네슘 비타민D 아연 180정 1박스(3개월분)",14900,9418
20260323,9780954,90,오니스트,"""만족도100%"" [건강/부모님선물/생일추천] 오니스트 스페셜 기프트 에디션 / 트리플콜라겐 & 트리플샤인 중 택 1",36900,8591
20260323,12492740,91,경남제약,"[쇼핑백 증정] ""하루 한 포, 비타민C"" 레모나산 70일분 - 카카오프렌즈",15900,461
20260323,607417,92,GNM자연의품격,"""간건강 챙기세요!"" GNM 건강한 간 밀크씨슬 2박스(총 2개월분) / 간건강 실리마린 비타민B 판토텐산",13900,4587
20260323,10612710,93,셀렉스,"""건강한달콤"" 프로핏 맛있는 완전단백질 250ml 18팩 딸기초코/모카초콜릿/밀크바닐라/바나나",27900,3414
20260323,9915284,94,플라이밀,"""급찐급빠"" 플라이밀 단백질쉐이크파우치 스타터팩 6가지맛 총6포 + 쇼핑백증정",18900,10000
20260323,13180343,95,그레인온,[그레인온] 골드 카무트 브랜드밀 효소 선물세트(3개월분),42900,47
20260323,5443772,96,GNM자연의품격,"""+본품4병 증정"" GNM 올인원 이뮨 액상 종합비타민 3박스 (총 21+4병) / 멀티비타민 이뮨비타민 부모님 직장인 선물",50000,10000
20260323,11190137,97,CJ웰케어,"""편안한 밤 필수템"" 식물성 멜라토닌 1mg 구미 젤리 멜라메이트 1박스 (20구미) 수험생/직장인 선물",9900,3843
20260323,9173539,98,뉴트리디데이,"""건강선물"" 슈퍼 피쉬오일 오메가3 1병 6개월분 180캡슐 [케이스동봉]",32900,6069
20260323,6534079,99,익스트림,"""에너지선물 활력1위 아이템"" 익스트림 김종국 트리플아르기닌 6200  (10포) +선물포장",16900,20000
20260323,1124665,100,상아제약,하루한포 6년근 홍삼정 데일리타임 홍삼스틱 30포,20900,10000
20260323,9027234,101,산골농장,산골농장 하루한포 배&도라지 스틱 도라지배즙 60포 (원통),26900,3479
20260323,4929514,102,에버콜라겐,"""빛나는피부선물"" [단독패키지+메시지카드]에버콜라겐 타임비오틴 업 30포(1개월) (콜라겐&비오틴&아연)",26000,5806
20260323,12891558,103,려원담,"""하루 한포 건강"" [단독] 배를 품은 도라지스틱 30포x12g 국산 도라지,배 함유!",19800,10000
20260323,11866770,104,동국제약,동국제약 마이핏V 올인원 이뮨 멀티비타민 8개입 2박스+행운부적 키링 스페셜 에디션 / 수능 감사 부모님 영양제 선물,37900,4991
20260323,2574618,105,엔젯오리진,"""맛있는 비타민젤리"" 엔젯오리진 맛있는 비타민 젤리 선물세트(귤젤리/엘더베리/비타민B/석류콜라겐(캔디류) 외)",21900,3077
20260323,10244916,106,정관장(LuX),[정관장] 활기력부스터 3X (30입) [홍삼&고함량비타민&미네랄] + [증정] 활기마이트 1입,125000,2401
20260323,12456702,107,뉴트리원,"""활력 선물"" [뉴트리원] 프리미엄 알부민 골드 2박스 (14병/2주분) +전용 쇼핑백 증정 / 액상형 알부민, 선물추천",25900,465
20260323,6178988,108,한끼통살,[한끼통살 소스+그릴드 맛보기 10팩] 통살/그릴드 닭가슴살 모음전,24500,8393
20260323,927895,109,종근당,침향환 골드 침향 60환 1세트 부모님 건강 선물,67500,8299
20260323,9285276,110,동국제약,동국제약 마이핏V 이뮨 멀티비타민 8병 +행운부적 키링 증정+기프트백 / 수능 감사 수험생 직장인 영양제 선물,21900,50000
20260323,12714775,111,마더네스트,"""눈건강+피로회복"" 마더네스트 이뮨비타민 바이탈 부스터샷 7입 (7일분)_멀티비타민",18900,133
20260323,6367405,112,오쏘몰,"""독일 명품 비타민"" 오쏘몰 이뮨 멀티비타민&미네랄 60입 - 시그니처 기프트 에디션 (공식수입)",197000,3199
20260323,6499587,113,닥터브라이언,"""맛있는 비타민젤리"" [선물세트] 닥터브라이언 비타민 구미5종 기획전 (2개입)",29900,1852
20260323,2231834,114,뉴트리원,"""맛있는 건강 선물"" [뉴트리원] 김희애 석류 더 콜라겐 젤리 선물세트(3개입) +쇼핑백 증정 / 여성 선물 추천""카카오선물하기",39900,9014
20260323,12610607,115,동아제약,"[단독] 비타그란 비타민C 구미젤리 버라이어티팩 (복숭아/포도/오렌지 3가지맛, 45봉 대용량) + 비타민 젤리 7봉 증정",28000,853
20260323,10591119,116,센트룸,[카카오 단독 특가]센트룸 원데이팩 맨/우먼 2030 30일팩 2종 택1,50000,878
20260323,12099886,117,오쏘몰,"""독일 명품 비타민"" [단독] 오쏘몰 이뮨 멀티비타민&미네랄 3입 로네펠트 에디션 (티백 3종증정)",19900,1203
20260323,6028047,118,종근당건강,"""프리미엄 비타민선물"" [단독] 아임비타 멀티비타민 이뮨샷 1박스(30입) + 드롭드롭드롭 콜라보 파우치 증정",74000,9189
20260323,12818547,119,원기담,"""하루한병"" 원기담 메가 알부민 맥스 20ml 30병(30일분 액상형 앰플)",59000,4241
20260323,10510690,120,종근당,"""단독/2입 추가증정"" 이뮨 멀티비타민 10+2입 마시는 액상 종합 비타민 수험생 직장인 부모님 건강 선물",29900,6554
20260323,10127042,121,한끼통살,[한끼통살] 닭가슴살 2주 식단 패키지 14팩,25900,1313
20260323,8099561,122,퓨어마스터,"""피부를 위한 선물"" 퓨어마스터 피부엔 석류 콜라겐 플러스 20ml 20병",25500,2499
20260323,11344099,123,RU21,"""비타민의 정석"" RU21 클리어 샷 멀티비타민&미네랄 7개입 x 1박스 / 이뮨비타민 생일 건강 응원 직장인 선물 필수템",24900,10000
20260323,12409184,124,CJ웰케어,"""피부면역 & 장케어"" [파우치에 쏙, 초소형 캡슐] 피부 면역 100억 고함량 유산균 바이오코어 (캡슐/포 택1)",11900,367
20260323,5297984,125,삼대오백,[운동선물/헬스] BCAA 오리지널 300g 1통 삼대오백 헬스 운동 부스터,17900,6286
20260323,3609562,126,얼라이브,"""한 알 가득 비타민""  얼라이브 멀티비타민 60정 (2개월분) 6종 택1 / 멀티,맨,우먼,50+,밀크씨슬,칼슘",25900,10000
20260323,7755222,127,CJ웰케어,"""100억 부자되세요"" [화사하게 증식하는] 100억 고함량 유산균 바이오코어 (캡슐/포 택1)",12900,713
20260323,8934874,128,옵티젠,"""맛있는 비타민구미 산리오 구미덕"" 멀티비타민&미네랄 구미덕 젤리 3가지맛을 한번에! (80구미)",20000,7521
20260323,12493570,129,경남제약,"[쇼핑백 증정] ""하루 한 포, 비타민C"" 레모나산 30일분 - 춘식이",9900,204
20260323,10607821,130,얼라이브,"""올인원 명품샷 2박스(총 14병)"" 고함량 비타민 얼라이브 고함량 이뮨샷 멀티비타민 맥스바이탈 2박스 총14병",9900,126
20260323,5602071,131,프레스샷,"""활력 비타민"" [활력 충전] 맛있는 액상 비타민 프레스샷(쇼핑백 무료 증정) 종합비타민 직장인 수험생 부모님 여친 남친 (프레스샷 증정 올인원 토탈 영양 앰플 멀티비타민 10일분)",21900,20000
20260323,10819188,132,종근당건강,[비타민 선물 추천] 아임비타 멀티비타민 이뮨샷 7입,16900,166
20260323,10733500,133,CJ웰케어,"""정성담은 활력선물"" [고함량 에너지] 블랙99 흑삼 아르기닌 & 타우린 1박스 (블루베리맛)",12500,9738
20260323,6409678,134,숙취해소제,"[술자리인싸템] ""센스있는 선물세트"" 숙취해소 히말라야 파티스마트 10개입 젤리 2박스+[오리지널 10개입 1박스+보드게임 츄루마불 증정]",25900,5395
20260323,3326270,135,고려은단,"""활력 비타민B"" 고려은단 메가도스B 60정 / 고함량 비타민B 컴플렉스",20000,1908
20260323,10908258,136,삼대오백,[*신규맛 입고*] 삼대오백 프리미엄 EAA 300g 헬스 보충제 단백질 컨디션 회복 운동,27900,2133
20260323,987524,137,순수식품,[전용쇼핑백] 6년근 홍삼정 에브리데이 스틱 1박스(30포),20900,4493
20260323,12463457,138,홀베리,"""행운가득 건강선물"" 쌩쌩 레몬비타C 1박스 (100포) 고함량 비타민C 분말스틱",10900,1999
20260323,12492528,139,원기담,"""액상형알부민"" 원기담 메가 알부민 맥스 30ml 15병(15일분 액상형 앰플)",25900,4018
20260323,7745813,140,설혜담,"""환절기 선물추천"" [파워 이뮨 증정] 설혜담 프로폴리스 담은 배도라지스틱 30포 / 호주 국산 배즙 하루한포 건강 부모님 직장인 선물",24900,7825
20260323,11794220,141,뉴케어,"""1등 완전균형영양식"" [스타벅스 쿠폰 4천원권] 뉴케어 클래식 구수한맛/검은깨맛 200ml 16입(1BOX) 2종 택1",32900,263
20260323,9610717,142,종근당,"""간건강 피로개선"" 밀크씨슬 이뮨 멀티비타민 1박스+젤리증정/ 액상 종합 비타민 직장인 면역 건강 선물",23800,4335
20260323,2941525,143,종근당건강,"""대한민국1등 유산균"" 종근당건강 락토핏 코어 선물세트 1박스(3개월분) /유산균은 역시 락토핏!",28900,2786
20260323,12659476,144,건강식품,가나디 비타민 젤리 2종 택1 + 스티커팩 2P 증정 (멀티비타민&미네랄/비타민B&C&에너지부스터),16900,1037
20260323,12659631,145,건강식품,[선물세트] 가나디 비타민 젤리 2종+스티커팩 4P+가나디 키링 증정 (멀티비타민&미네랄/비타민B&C&에너지부스터),32800,2420
20260323,5699173,146,GNM자연의품격,"""샤인머스켓맛 비타민"" [120구미/비타민젤리] GNM 행운충전 멀티비타민 구미 선물세트 총 2개월분",21900,9984
20260323,3778681,147,려원담,"[추천GIFT] ""면역력과 피로개선"" 6년근 홍삼정 에버타임 스탠다드 홍삼 스틱 30포 (원통)",18900,9306
20260323,12932413,148,동국제약,"""65만 고역가 효소"" 동국제약 마이핏 유기농 제주 리얼 말차맛 효소 1박스 (30포)",9900,5863
20260323,862716,149,종근당,"""면역력 건강"" 애니타임 골드 6년근 홍삼정/ 녹용 스틱 30포 1세트 (2종 택 1) 건강 피로개선 선물",29900,10000
20260323,11570052,150,대웅생명과학,"""피로개선&에너지충전"" 대웅생명과학 액상 멀티비타민 이뮨 앤 피로개선 7병 2박스 /밀크씨슬 액상비타민",30000,2221
20260323,12509278,151,고려은단,"""고함량 비타민C"" 고려은단 메가도스C 3000 100포 X 2개 / 분말비타민C",56000,401
20260323,9590910,152,광동생활건강,"""추위엔 배도라지"" [광동] "" 미세먼지/목 관리 추천"" 배도라지쌍화스틱 30포 1세트(+쇼핑백)",19800,4465
20260323,3333820,153,고려은단,"""혈행건강 선물"" 고려은단 식물성 퓨어 알티지 rTG 오메가3 60캡슐(2개월)",19000,1856
20260323,714537,154,종근당건강,"[카쇼라 증정 이벤트] ""혈행+기억력개선"" 프로메가 오메가3 트리플 장용성 3박스(3개월분) + 락토핏 골드 1개월분 증정",49900,891
20260323,10160796,155,뉴트리포유,"""명품 비타민"" 뉴트리포유 듀얼+ 이뮨 종합 멀티비타민&미네랄 7입 x 2박스 - 선물하기 단독 기획팩",37900,567
20260323,9171595,156,마더네스트,"""목건강"" 마더네스트 호주 프로폴리스 스프레이/리퀴드 원액/허니캔디 300g (택1)",16900,1182
20260323,999294,157,순수식품,"""하루한포의 건강선물"" [단독구성] 도라지배즙 1박스(25포) 배도라지즙",10900,10000
20260323,10190744,158,익스트림,"""종합비타민 선물"" [한팩 종합비타민 멀티비타민+오메가3+루테인+밀크씨슬] 올인원 포맨 멀티팩 30포 1박스",39900,789
20260323,7057518,159,대웅제약,"""미미미누 비타민"" [선물포장] 대웅제약 활력충전 비타민 에너씨슬 퍼펙트샷 이뮨+ (10+2입 증정) /고함량 밀크씨슬 피로케어 직장인선물",29900,9154
20260323,12875967,160,CJ웰케어,"""편안한 밤 필수템"" ""식물성 멜라토닌 5mg"" 멜라메이트 트리플액션 맥스 1박스 30정 (수험생 직장인 선물 추천)",20900,23
20260323,5763429,161,나우푸드,나우푸드 마그네슘 350mg 90정 (3개월분),24000,761
20260323,7352724,162,익스트림,"""직장인 활력선물"" 익스트림 김종국 트리플아르기닌 6200 (15포) + 선물포장",23900,1209
20260323,11929870,163,종근당,"""빠른 단백질 충전!"" 아미코어 프로틴샷 12병 1박스 단백질 아미노산 비타민",23800,556
20260323,12572944,164,동국제약,동국제약 마이핏 프리미엄 마시는 액상 알부민 골드 14포 4박스 (총 56포)+쇼핑백+행운부적 키링 증정,24900,3782
20260323,6326961,165,센트룸,[센트룸] 맛있는 멀티 비타민 미네랄 멀티구미 (80구미) x 2통,48000,5660
20260323,2922935,166,퍼니트,"""에너지부스터"" 고함량 L-아르기닌 파워업 6000 2박스 (30포)",19900,1086
20260323,12860441,167,한끼통살,[한끼통살] 한끼통살 맛보기 닭가슴살 21일 식단관리,29900,152
20260323,7596632,168,종근당건강,비타민D 2000IU+아연 3개월분 1박스 부모님 직장인 건강,12900,2912
20260323,696636,169,GNM자연의품격,"""간건강 챙기세요!"" GNM 건강한 간 밀크씨슬 선물세트 1박스(총 6개월분) / 간건강 실리마린 비타민B",33900,3208
20260323,10044107,170,파지티브호텔,"""산도 0.1"" [파지티브호텔] 지중해 올리브오일 캡슐 쿠파주 (1box / 2캡슐, 30포)",32000,1281
20260323,2374870,171,고려은단,"""대한민국 1등"" 고려은단 비타민C 1000 600정 (20개월분)",41900,3257
20260323,4537549,172,다신샵,"""식사대용 프로틴"" 단백질18g 고단백쉐이크 단백한끼 5종 5+5팩",21900,2071
20260323,7450806,173,랩노쉬,"""고단백 간식 추천"" [랩노쉬] 단백쿠키 20개입 (4종혼합/더블초코/피넛버터/아몬드앤그린티/리치코코넛)",21900,1070
20260323,6910736,174,숙취해소제,"[술자리 필수] ""단독구성 숙취제로"" 히말라야 숙취해소 파티스마트 젤리 10개입+[오리지널 10개입 1박스 / 비건 립밤 10g 본품 추가증정]",14900,1898
20260323,1182620,175,젊은농부,"""청정지역양배추로만든"" 든든한 하루 젊은농부 양배추즙 30포(한달분)",16900,3864
20260323,735634,176,종근당,종근당 황제 침향단 30환 1세트 녹용 홍삼 인도네시아 침향환,38500,2554
20260323,7417420,177,익스트림,"""남친 에너지선물"" 대한민국 NO.1 김종국 트리플아르기닌 6200 (30포)+쇼핑백증정",45000,1442
20260323,10612542,178,셀렉스,"""득근선물"" 프로핏 100% WPI 프로틴 음료 330ml 12팩 초콜릿/코코넛/복숭아",25900,1759
20260323,9331241,179,건강식품,"""호주직수입+항균작용"" [오리진에이] 프리미엄 프로폴리스 프레쉬 브레스 스프레이 25ml+쇼핑백증정",26000,1909
20260323,10760700,180,본죽식품,"""환절기선물"" [본죽] 목에는 짜먹는 스틱 3종 세가지맛 세트 (배도라지/모과생강/꿀유자)",14900,1235
20260323,994583,181,정관장,[정관장] 홍삼원세트 (50ml x 20포),27000,4341
20260323,10251043,182,프롬바이오,"""수면을 위한 선물"" 편안한 밤 식물성멜라토닌 멜라마인 1정당 5mg 30일 가족+직장인선물",16900,1060
20260323,4487367,183,뉴트리디데이,"""이게 바로 찐! 초고함량"" 액상스틱 L-아르기닌 7000 3박스 [케이스 동봉]",30900,889
20260323,7501305,184,GNM자연의품격,"""30일팩"" [한판에 비타민+코엔자임Q10+루테인+알티지오메가3] 올인원 뉴트리션 멀티비타민 코큐텐 1박스 / 부모님 직장인 수험생 선물",33900,2348
20260323,9907568,185,종근당건강,"""비타민 선물추천"" 아임비타 멀티비타민 이뮨샷 3박스(15입)",35900,4659
20260323,11016728,186,종근당건강,"""에너지 선물추천"" [단독] 아임비타 멀티비타민 이뮨샷 20입 / 에너지 유니버스 에디션",56900,1357
20260323,533295,187,종근당건강,"""대한민국1등 유산균"" 락토핏 골드 1통(50일분) / 온 가족 유산균",18900,9882
20260323,4853980,188,이지맘,"""산후조리 출산선물"" [선물포장] 출산한 산모를 위한 이지맘 멀티비타민 영양제 수유부 출산후 종합비타민 [메시지카드]",34500,3059
20260323,3768130,189,고려은단,"""프리미엄 비타민"" 고려은단 비타민C 골드플러스 180정(6개월)",30000,2006
20260323,11657891,190,익스트림,"""급찐급빠"" [7+1구성]익스트림 다이어트 단백질쉐이크 3가지맛 택1(곡물맛/초코맛/제주녹차맛)",24500,871
20260323,10593876,191,센트룸,"[카카오 단독 특가] 센트룸 원데이팩 맨/우먼 40,50+ 30일팩 4종 택1",60000,284
20260323,13180362,192,그레인온,[그레인온] 골드 카무트 브랜드밀효소G 3개월분+쇼핑백 증정,29900,12
20260323,1291317,193,GNM자연의품격,"GNM rTG 알티지 오메가3 60캡슐 2박스 / 1일 EPA+DHA 1,000mg",26900,2279
20260323,12841568,194,정관장,[정관장] 활기마이트(액상30ml+분말500mg) 1입,5900,186
20260323,2869176,195,젊은농부,젊은농부 양배추즙 60포(두달분),32900,830
20260323,12791405,196,정관장,[신상비타민선물] [정관장] 활기마이트(액상30ml+분말500mg) 20입 + [증정] 러쉬 바디숍,100000,338
20260323,10618170,197,셀렉스,[단독] 테이스티핏 프로틴 간식 멀티팩 선물세트 (단백질 음료+단백질바),18900,1237
20260323,11587286,198,익스트림,"[러닝 필수템] ""러닝/등산 운동추천"" 익스트림 액티브 에너지젤 (14포) + 선물포장",21000,501
20260323,10263713,199,뉴트리원,"""명품비타민"" [뉴트리원] 올인원 종합비타민 이뮨샷 3박스(21병/3주분) +2병&쇼핑백&밀크씨슬 증정 / 멀티비타민&미네랄",49700,1602
20260323,9448687,200,려원담,"[온가족용]""면역력과 피로개선""짱구는못말려 6년근 홍삼정 에버타임 스탠다드or배도라지스틱 택1(20포)",12900,3965
20260323,12311652,201,동국제약,"""한판에 멀티비타민+밀크씨슬+루테인+오메가3"" 동국제약 마이핏V 올인원 트리플 마스터팩 1박스+쇼핑백+행운부적 키링 증정",24900,897
20260323,12939626,202,경남제약,"[쇼핑백 증정] ""하루 한 포, 비타민C"" 레모나산 150일분 - 카카오프렌즈",29900,51
20260323,9973956,203,종근당,"""올인원 종합비타민"" 이뮨 멀티비타민 24+2입 액상 종합 비타민 수험생 부모님 직장인 선물+쇼핑백",59800,2094
20260323,10549095,204,삼대오백,[운동 보충제]최고의 인기 조합 BCAA오리지널+크레아틴 300g 헬스 활력 부스터,29900,762
20260323,12092851,205,알디콤,[증정이벤트] [리뷰이벤트/특허성분 고농축 숙취해소제] 알디콤 3종 기획세트 + 알디콤A 1포입 3개 추가증정,34500,3271
20260323,10590720,206,알디콤,[증정이벤트] [특허성분 고농축 숙취해소제] 알디콤A 선물세트 (5포입 x 3개 구성) + 알디콤A 1포입 3개 추가 증정,28500,520
20260323,11042730,207,플라이밀,"""1일1포"" 플라이밀 단백질쉐이크파우치 8가지맛 1세트 + 쇼핑백증정",24900,2349
20260323,11506215,208,대웅제약,"""건강필수템 3종선물"" [대웅제약] 국민 건강 영양제 3종세트(오메가3, 마그네슘, 비타민B, 비타민C, 비타민D, 유산균, 루테인, 녹차카테킨 등)",18900,1060
20260323,12860133,209,한끼통살,[한끼통살] 단백질 든든형 닭가슴살 21일 식단관리,29900,46
20260323,9294405,210,옵티젠,"""간건강+스트레스 피로개선"" 옵티젠 바이탈 밀크씨슬 & 비타민(B,C,D,E) 10입 x 3박스 (+GIFT패키지)",76900,369
20260323,4922691,211,허벌랜드,"""캐나다명품비타민젤리"" 허벌랜드 2병선물(멀티비타민/면역부스트/비오틴2500/눈건강 루테인/비타민D)맛있는 식물성구미비타민 5종",27500,3278
20260323,9652476,212,웰릿,"""센스선물 면역 젤리"" 웰릿 이뮨베라 14포 2박스(+카카오단독선물포장/쇼핑백) 면역력증진 장건강 피부건강 3중 기능성",36500,1585
20260323,11928541,213,한끼통살,[베스트셀러 통살 모음집] [한끼통살] 닭가슴살 통살만 모았닭 20개입 + 증정,38900,346
20260323,2174606,214,랩노쉬,"""고단백 식단간식"" [랩노쉬] 단백쿠키 10개입 (4종혼합/더블초코/피넛버터/아몬드앤그린티/리치코코넛)",11900,10000
20260323,3331979,215,고려은단,"""눈건강+눈노화 개선"" 고려은단 루테인 지아잔틴 아스타잔틴 60캡슐(2개월)",22900,952
20260323,9940985,216,익스트림,"""운동하는 남친선물"" 익스트림 단백질 흡수극대화 초코맛 밸런스드 프로틴&류신 (휴대용 물병 증정)",34900,1237
20260323,1143302,217,종근당건강,비타민D 2000IU 아연 2박스 (총 6개월분),25700,2032
20260323,12164892,218,휴럼,"""영양가득 알부민"" [휴럼] 로얄 알부민 골드 1박스 + 쇼핑백 덴마크산 마시는 난백 알부민",42000,103
20260323,12147626,219,GNM자연의품격,"""30일팩"" [한판에 비타민+유산균+밀크씨슬+오메가3+루테인]올인원 뉴트리션 멀티비타민 유산균 30판 1박스(1개월분)",39900,937
20260323,12512234,220,건강식품,[황금빛건강] 테라큐민 맥스 60 수용성 커큐민 울금 강황 정제 60정 (테라큐민 맥스 60 300mg x 60정),30000,173
20260323,1060261,221,종근당,"""관절건강선물"" 종근당 칼슘 마그네슘 비타민D 아연 180정 2병(6개월분)+선물케이스",28900,930
20260323,12808164,222,네이처메이드,"""맛있는 구미"" [미국 대표 젤리 비타민] 네이처메이드 비타민C 구미 영양제 새콤 달콤 고함량",21500,4428
20260323,11945388,223,동화약품헬스케어,"""면역력+스트레스완화"" [동화약품] 프리미엄 건강케어 마그랩 포 스트레스,에너지 마시는 마그네슘 비타민B 25ml/10개입 - 쇼핑백 증정",25000,923
20260323,2270784,224,비마스터,"""부드럽게 감기는"" 국산 프로폴리스 담은 꿀스틱 15포 / 환절기 목 컨디션 관리 천연벌꿀 허니스틱 답례품 선물",27800,20000
20260323,11028005,225,내츄럴플러스,"""피로개선&활력"" 내츄럴플러스 피로개선 액상 멀티비타민 이뮨샷 7병 1박스+이뮨2병 /간피로 밀크씨슬 액상비타민",20000,4418
20260323,12714908,226,마더네스트,"""피로회복+눈건강"" 마더네스트 이뮨비타민 바이탈 부스터샷 10입 (10일분)_멀티비타민",25900,118
20260323,11802174,227,삼대오백,[헬스/운동]삼대오백 입문자패키지 BCAA+크레아틴+바이퍼 6캔 부스터 EAA 아르기닌 남친 선물,34900,985
20260323,11954871,228,퍼니트,"""고함량 비타민C"" 퍼니트 메가 바이탈 비타민C 3000 90포 + 쇼핑백",15900,3996
20260323,9911329,229,플라이밀,"""과일맛"" 라이블링 애사비 클렌즈 1박스 30포, 5종 택1",25900,1958
20260323,3253149,230,고려은단,"""1등 비타민C"" 속편한 고려은단 비타민C1000 중성비타민C 120정(4개월)",20000,3335
20260323,11544633,231,센트룸,[센트룸] 원데이팩 우먼/맨 2030 (14일팩) 택1,33900,1687
20260323,2534363,232,랩노쉬,"""식단인 간식선물"" [랩노쉬] 단백질 간식 올인원 헬시 바스켓, 총 15개입 (단백쿠키,더블레이어 단백쿠키,저당웨하스) 단백 저당 식단 디저트",25900,8386
20260323,2191632,233,에버콜라겐,"""에버콜라겐 입문용"" [쇼핑백+메시지카드 증정] 에버콜라겐 타임 50포 (1박스)",49900,1566
20260323,12673335,234,한끼통살,[한끼통살] 닭으로만 채운 31일 식단 챌린지+증정 식단 카달로그 (닭가슴살/그릴드/닭가슴살볼/스테이크/닭다리),50900,1843
20260323,4590458,235,고려은단,"""고함량 비타민D"" 고려은단 메가도스D 비타민D3 4000IU 120정(4개월)",14000,885
20260323,12287825,236,타이거모닝,타이거모닝 진저샷 30일팩 (진저샷 3병) + 굿모닝 샷잔 + 메세지 참,62800,450
20260323,7759090,237,덴프스,"""원조 한팩비타민"" 트루바이타민 I 1박스(1개월분) /고함량 비타민 루테인 부모님 수험생 직장인 선물",29000,1635
20260323,8950669,238,오니스트,[콜라겐선물] 트리플콜라겐 2박스(28개입),60190,495
20260323,11858537,239,푸드올로지,"""물 붓기만"" [단독 보틀 증정] 지중해 레몬그린티+보틀 기획 세트",24900,3159
20260323,10665544,240,대웅제약,"""건강선물 추천"" [대웅제약] 피로회복제 우루샷 2정 8박스 세트/ 피로회복 영양제 / 식약처인증 육체피로개선",14900,1686
20260323,12326905,241,종근당,"""액상 알부민 "" 실크 액상 알부민 골드 30병 1박스 고단백 단백질 비타민 선물",56800,1471
20260323,5344342,242,닥터프로그램,"""임산부 선물"" 닥터프로그램 임산부영양제 마더스케어 올인원 플러스 2단계(30포x1개월분) 철분 철분제",57900,303
20260323,7896280,243,홀랜드앤바렛,"""영국 직수입 비타민"" 영국에서 온 프리미엄 비타민 칼슘 & 마그네슘 & 아연 & 비타민D 120정",22000,4041
20260323,12606466,244,정관장,[정관장] 에브리타임 레귤러 (10ml x 30포) X LAMY 에디션 / 라미,116000,79
20260323,12070432,245,블랙모어스,"""임신/출산 준비"" 필수영양제 블랙모어스 엽산+칼슘마그네슘플러스비타민D 3개월 임산부세트",36900,193
20260323,3607477,246,GNM자연의품격,"""피로한 눈을 위해!"" GNM 루테인 지아잔틴 아스타잔틴 2박스(총 2개월분) / 눈건강",27900,1277
20260323,818905,247,종근당건강,"""장건강 프롤린유산균"" 종근당건강 락토핏 코어 1통(2개월분)",18800,1186
20260323,10892246,248,한끼통살,"""닭가슴살 완벽세트"" 보냉백+한끼통살 닭가슴살 15팩세트",25900,757
20260323,994697,249,정관장,[정관장] 홍삼진본 (40ml x 42포),107000,402
20260323,1002493,250,정관장,"""면역력이 필요할때"" [정관장] 홍삼진본 40ml x 30포",77000,649
20260323,9289766,251,려원담,"[온가족용] ""국내산 배도라지 힘"" 짱구는못말려 배도라지 스틱 20포 / 국산 도라지, 배 함유",12900,2025
20260323,6522233,252,익스트림,"""간건강 선물"" 간건강 피로개선 익스트림 김종국 밀크씨슬 플러스 1박스 (2개월분) + 선물포장",11900,9339
20260323,7209876,253,유한건강생활,"""단짝 친구 선물"" 여성 필수 유산균 아내 언니 여동생을 위한 '국내 최초' 질 건강 유산균 이너플로라 1박스 (1개월분)",24900,360
20260323,12280991,254,타이거모닝,"타이거모닝 진저샷 미니보틀 (40g x 8병), 1박스 + 메세지 참",29900,877
20260323,3769589,255,랩노쉬,"""27g운동인 단백질"" [랩노쉬] 프로틴 드링크 350ml 12개입 (라떼/메론)",28600,1449
20260323,931501,256,종근당,"""활력가득 비타민"" 종근당 활력 비타민B 플러스 1박스(2개월분) /비타민 활력충전 직장인 선물추천",14900,1212
20260323,932939,257,종근당,종근당 활력 비타민B 플러스 2박스(4개월분)+선물케이스 /활력충전 선물 추천,26900,1237
20260323,12287759,258,타이거모닝,타이거모닝 진저샷 스타터키트(진저샷 1병 & 샷잔)  + 메세지 참,30900,984
20260323,11794205,259,황금이네,"""환절기 건강선물"" 황금이네 도라지배즙 어른용 100ml x 30포 배도라지 도라지배",20900,715
20260323,9435702,260,종근당,"""뼈건강 관절튼튼"" 종근당 관절연골엔 뮤코다당단백 콘드로이친1200 플러스 2박스+선물케이스/ 소연골 비타민D 비타민K",38900,1646
20260323,3328182,261,고려은단,"""프리미엄 비타민"" 고려은단 비타민C 골드플러스 240정(8개월)",34900,1001
20260323,1227552,262,랩노쉬,"""더욱 업그레이드 된"" [랩노쉬] 프로틴드링크 퍼펙트 350ml 24개입 (초코/바나나/그레인)",58900,1312
20260323,9631024,263,광동생활건강,"[광동] "" 축하 선물 추천 ""(+ 젤리 증정) 비타500 데일리 이뮨샷 단독패키지 1박스",17900,2326
20260323,8520006,264,농협-한삼인,"[카쇼페] ""면역력+피로개선"" 농협 한삼인 홍삼진 굿데이스틱 60포+쇼핑백 /2개월분/건강기능식품 홍삼스틱",29800,891
20260323,10063936,265,다신샵,"""운동할때 먹어"" 단백질충전 패키지(10팩) / 프로틴쉐이크 단백칩 프로틴바",19900,1842
20260323,11073324,266,익스트림,"""간 건강+활력충전!"" 익스트림 김종국 밀크씨슬 플러스 (4개월분) + 선물포장",22000,177
20260323,12186190,267,뉴트리원,"[SNS 인기템] ""비비랩 듀얼샷"" [뉴트리원] 비비랩 올리브 레몬 듀얼샷 (2박스 / 20포) / 올레샷, 올리브오일, 레몬즙",36900,479
20260323,6967418,268,익스트림,"""활력 필수템"" 익스트림 듀얼 아르기닌 플러스 1000 (2개월분) + 선물포장",14900,2005
20260323,2970895,269,엘레나,"""여성 질 건강 유산균"" 유한양행 엘레나 30캡슐 1개",35000,538
20260323,741272,270,즙쟁이,"""가벼운 하루"" 늙은 호박즙 1박스 (30포입) 건강선물 추천",14900,1714
20260323,5303334,271,대웅제약,"""피로회복제 강추"" [대웅제약] 우루샷 멀티비타민 2박스(총 40정) + 쇼핑백 증정 / 식약처인증 육체피로개선, 종합비타민 건강선물 추천",25900,2301
20260323,13102593,272,한끼통살,[한끼통살] 현미 크리스피 닭가슴살 4종 택1 (90gX20팩),19900,49
20260323,5194959,273,고려은단,"""건강이 최고심!"" 고려은단 최고심 쏠라C 30정 x 4개(레몬맛, 블루베리맛 택1) 비타민C 캔디",12000,6535
20260323,7772780,274,익스트림,"""갓생 직장인선물"" 눈 밑 떨림, 만성 피로 익스트림 대용량 트리플마그네슘 1000 (4개월분) + 약통케이스 증정",27900,3213
20260323,3157513,275,동아제약,동아제약 비타그란 비타민C 레몬맛 20포 X 3박스 (30일분),10000,2048
20260323,5249389,276,푸드올로지,"""급찐급빠 다이어트"" [쇼핑백 증정] 빨간통 다이어트 콜레올로지 컷 프로 30정(1병)",23900,2686
20260323,9610841,277,종근당,"""간건강 피로개선 "" 이뮨 듀오 밀크씨슬 2박스+2병추가/ 마시는 액상 멀티 종합 비타민 직장인 부모님 건강 선물",46500,671
20260323,11180259,278,랩노쉬,"""고단백 27g"" [랩노쉬] 프로틴 파우더 블랙업 올인원 단백질 보충제 900g 대용량 (20일)",33900,438
20260323,2332210,279,젊은농부,'아름다워져라' 젊은농부 호박즙 30포(한달분),23900,1100
20260323,8115905,280,아젠다,"""엄마부터 챙기세요"" 독일산 명품 여성 멀티 비타민 임신/출산 축하 기프트 AGENDA 에너지 충전 헤리티지 멀티 비타민 기프트 패키지 SET",27900,6298
20260323,10048776,281,뉴트리디데이,"""김선호 비타민"" ""건강을 선물해요"" 플러스 4종 (멀티비타민/칼슘/오메가3/비타민D) 3+2 [쇼핑백포함]",7900,568
20260323,12052312,282,랩노쉬,"""BEST 프로틴모음"" [랩노쉬] 프로틴 락커 12종 선물세트 (프로틴 드링크 퍼펙트, 단백쿠키, 단백 쿠키바)",20900,174
20260323,3568705,283,고려은단,"""프리미엄 비타민"" 고려은단 비타민C 골드플러스 120정(4개월)",22000,1947
20260323,2527402,284,엘레나,"""여성 질 건강 유산균"" 유한양행 엘레나 60캡슐+쇼핑백",52000,1624
20260323,6263313,285,파지티브호텔,"""물 붓기만 하면"" [파지티브호텔] 지중해 그린민트 밸런스워터 (1box / 14포)",21000,3090
20260323,12661867,286,내츄럴플러스,"""활력 가득 알부민"" 내츄럴플러스 프리미엄 마시는 난백 알부민 맥스 30개입 1박스(750ml) +쇼핑백",32900,3480
20260323,2064822,287,뉴트리원,"""차주영 Pick!"" [콜라겐추천] 비비랩 인텐시브 콜라겐 버라이어티팩(60포)+10포 추가 구성 / 쇼핑백 증정",39900,8331
20260323,9496786,288,순수식품,(2+1) [기프트박스] 이뮨 올인원 종합 멀티비타민 21병,32900,349
20260323,10472387,289,동국제약,"""흡수빠른 활력 마그네슘"" 동국제약 마그마 스피드샷 마시는 액상 마그네슘 6병 1박스",17900,336
20260323,8136405,290,다신샵,"""5팩 맛보기"" 고단백쉐이크 단백한끼 5종 5팩 / 식사대용 프로틴",12900,777
20260323,1345921,291,광동생활건강,"[광동]  "" 비타민 선물 추천"" (+젤리증정)  비타500데일리스틱 2g*70포 1박스",15900,10000
20260323,5823609,292,려원담,"""국내산 배도라지"" 배도라지 스틱 12g x 100포 (원통) / 국산 도라지, 배 함유_카쇼페",32800,1988
20260323,1312661,293,안국건강,"""눈건강 NO.1"" 아이원 루테인 미니100 60캡슐 2박스 (4개월분)",19800,2717
20260323,1301353,294,정관장,[정관장] 다보록 감사청편,56000,342
20260323,12808530,295,네이처메이드,"""미국대표 종합비타민"" 네이처메이드 남성/여성 멀티비타민 고함량 면역력 증진 이뮨 영양제",25500,9938
20260323,1286073,296,정관장,[정관장] 홍삼진고 (100g),27000,323
20260323,11282748,297,락티브,"""두배 감동 선물"" 락티브 오은영 활성형 엽산 800ug DFE 1박스(56정) / 예비맘 임산부 출산 선물+손편지증정",21900,148
20260323,8023557,298,홀랜드앤바렛,"""건강선물 추천"" 영국 프리미엄 비타민 영양제 올스타 세트 (3종으로 챙기는 하루 필수 에너지)",39000,1315
20260323,12808058,299,네이처메이드,"""맛있는 구미"" [미국 대표 젤리 비타민] 네이처메이드 비타민 B12 D3 구미 영양제 달콤 쫀득 고함량",26500,1092
20260323,11637946,300,푸드올로지,"""급찐급빠 다이어트"" 푸드올로지 클렌즈 48시간 3종 중 택1 / ABC CCA 푸룬 비타민 클렌즈",24800,4563
20260323,9922621,301,건강식품,"""영국산 비타민C"" 비토노 이왕재박사 메가 비타민C 2,000mg 90포 (3개월분)",32900,228
20260323,4965673,302,아일로,"""아이린 PICK"" 아일로 타입1 콜라겐 비오틴 앰플 14일분 오간자 에디션 (고급 오간자 패키징 + 선물용 쇼핑백)",31900,4749
20260323,5441849,303,려원담,"""고품격 하이엔드"" 6년근 홍삼정 에버타임 하이엔드 홍삼 스틱 30포 (쇼핑백)_카쇼페",35000,694
20260323,12611319,304,바이오렉트라,"간편하게, 물 없이 톡! 긴장 ,수면, 근육, 신경 밸런스 케어, [헤어메스 마그네슘 400mg 울트라 다이렉트 X 30포] (바이오렉트라 해외 아연 이뮨 셀레늄)",35000,313
20260323,12658831,305,8APM,"""수면안대 단독증정"" 8APM 고함량 멜라토닌 3mg 멜라시럽 1박스(20포)+수면안대 세트",31900,5312
20260323,712016,306,순수식품,"""하루한포의 건강선물"" 도라지배즙 1박스(100포) 배도라지즙",30900,1533
20260323,11715111,307,덴프스,"""비피더스 100%"" 덴마크 유산균이야기 프로 2개월분 실온보관 온가족 대장 유산균 100억 CFU 보장",33000,594
20260323,4538191,308,다신샵,"""탄수DOWN"" 저당 오늘은현미주먹밥 100g 10종 10팩 / 식단관리",19900,674
20260323,8113288,309,삼대오백,[운동/헬스]삼대오백 월드클래스 분말 300g 카페인 집중 에너지 헬스 운동 부스터,29900,1875
20260323,9630291,310,대웅생명과학,"""피로개선&에너지충전"" 대웅생명과학 액상 멀티비타민 이뮨 앤 피로개선 7병 1박스 /밀크씨슬",17900,6466
20260323,8950664,311,오니스트,트리플콜라겐 1박스(14개입),34900,1266
20260323,12200775,312,세노비스,"""피부 집중케어"" 세노비스 콜라겐 히알루론산 앰플샷 (20ml/7개입) x 2개 + 손거울 증정",34000,171
20260323,11282801,313,락티브,"""두배 감동 편지"" 락티브 리포퍼 액상 철분 1박스(30포) / 임신축하 출산선물 임산부 출산영양제+손편지증정",27000,191
20260323,11063130,314,대웅제약,"""피로 케어 선물"" [대웅제약] 멀티비타민 에너씨슬 퍼펙트샷 이뮨+ 4입 /비타민B 밀크씨슬 스트레스 피로케어 직장인 응원선물",15900,1173
20260323,9646819,315,웰릿,"""누구나 좋아하는"" 웰릿 맛있는 면역젤리 이뮨베라 14포 1박스 면역력증진 장건강 피부건강",21900,6589
20260323,12132477,316,데일리,"""귀여운 키링증정"" 디즈니 데일리 제로슈가 비타민 구미2종 매직세트 + 한정판 키링 + 쇼핑백 증정 (총 120구미)",33900,10000
20260323,11012479,317,랩노쉬,"""포토리뷰 이벤트"" [랩노쉬] 프로틴드링크 퍼펙트 350ml 12개입 (초코/바나나/그레인)",30900,663
20260323,7999270,318,삼대오백,"[헬스 운동 펌핑 부스터]운동에 진심 인 삼대오백 글리펌프 10,000mg 1BOX 15포운동 부스터 선물",11900,304
20260323,6654420,319,종근당건강,"""한포씩 기분좋게"" 종근당건강 비타씨플러스 20포 비타민C 자일리톨 함유",6000,732
20260323,7514179,320,동아제약,"""엑스텐드 쉐이커증정"" ""USA NO.1 BCAA"" 공식수입 엑스텐드 기획, 3가지맛 택1 (50회분) + 쉐이커 + 쇼핑백 증정",50000,767
20260323,3494814,321,산골농장,산골농장 국내산 짜먹는 배도라지청 도라지배즙 농축액 30포 선물세트,26900,2888
20260323,5475965,322,원기담,"""면역력엔"" 원기담 6년근 홍삼정 프리미엄 스틱 10g*30포",18900,951
20260323,732461,323,나우푸드,"""혈행개선 도움"" 나우푸드 알티지 오메가3 90캡슐 (3개월분)",34000,719
20260323,6679190,324,고려은단,"""고함량 비오틴"" 고려은단 메가도스B7 활성 비오틴 120정 (4개월분)",20900,306
20260323,10038661,325,대웅제약,"""VIP올인원케어"" [대웅제약] 에너씨슬 플래티넘 60캡슐 ""간+혈압+혈당+콜레스테롤 4대고민 동시케어"" 밀크씨슬",44900,244
20260323,9552804,326,려원담,"""넉넉한 100일의 면역력"" 6년근 홍삼정 에버타임 홍삼 스틱 100포 (손잡이케이스)_카쇼페",87800,390
20260323,12763475,327,닥터프로그램,"""출산 선물"" [선물 포장] 닥터프로그램 차병원 마더스케어 올인원 솔루션 1박스 (1개월분) 출산선물 수유부 산후조리 올인원 영양제",57000,51
20260323,9449623,328,대웅제약,"""건강선물 강추"" [대웅제약] 우루샷 활력충전 선물세트 / 60정 / 피로회복제 / UDCA+비타민7종",35900,653
20260323,12553867,329,건강즙,하루한포 쏙 바이핏 양배추즙 호박즙 석류즙 30포 (택1),13900,137
20260323,12582178,330,건강즙,하루한포 쏙 바이핏 양배추즙 호박즙 석류즙 60포 (택1),20000,6452
20260323,12763540,331,농협-한삼인,"[카쇼페] ""나를위한 수면 잠잠"" 잠잠 앰플 1박스(12병) 테아닌 락티움 식물성 멜라토닌 굿슬립 타트체리",26900,6710
20260323,8101885,332,꿀,"""감기조심 건강 응원"" 지리산 모향골 자연 벌꿀스틱 선물세트 10g x 30포 (아카시아꿀 야생화꿀 밤꿀 각10포) 쇼핑백포함",31900,837
20260323,2288894,333,에버콜라겐,"""피부에 남는 선물"" [쇼핑백증정] 에버콜라겐 타임 2박스 60포(2개월)",57800,1099
20260323,7974700,334,종근당건강,"""혈행건강 오메가선물"" 종근당건강 프로메가 알티지 오메가3 듀얼 3박스(90일) 흡수율UP 장용성 캡슐",44900,367
20260323,8022180,335,노티드(건강),"""맛있는 이뮨비타민"" [사쉐 증정] 노티드 스마일 이뮨 멀티비타민 7개입 1박스+구미비타 증정 / 청포도맛 액상 종합비타민",20900,8902
20260323,5289988,336,더존건강,더존건강 한끼 곤약젤리 150ml 15종 각 1팩 체험세트,11900,792
20260323,13144637,337,정관장,[정관장] 화애락 큐 토탈솔루션 (25ml x 7병) + [증정] 화애락 이너제틱 콜라겐 3포,33500,7
20260323,9187909,338,캔틴나인,맛있게 자기관리 [빵순이 필수템] 여성 선물 만족도 100% (가족/엄마/여친 선물) 서퍼데이 브이효소,29000,6718
20260323,8864380,339,대웅제약,"""피로회복 선물추천"" [대웅제약] 멀티비타민 에너씨슬 퍼펙트샷 이뮨+ 20입 /비타민B 밀크씨슬 스트레스 피로케어 직장인",55900,422
20260323,12492600,340,경남제약,"[쇼핑백 증정] ""하루 한 포, 비타민C"" 레모나 에스산 대용량 200포",29900,25
20260323,9903751,341,종근당,종근당 트리플 프로폴리스 이뮨 플러스 2박스(4개월분)+선물케이스 / 브라운 레드 그린프로폴리스 아연,25900,342
20260323,1060462,342,퓨어마스터,"""진한 석류맛"" 퓨어마스터 석류 멀티비타민 스틱 12g 30포",14900,10000
20260323,12950626,343,플라이밀,"""2주세트"" 플라이밀 단백질쉐이크파우치 13가지맛 1세트+초코맛1포 증정",38900,90
20260323,10017075,344,마더네스트,"[호주직수입] 마더네스트 프로폴리스 스프레이 위드 마누카허니 30ml, 1세트",16900,4818
20260323,12630056,345,퍼니트,"""한팩에 건강을 쏙!"" 올인원 이뮨 멀티팩 30팩 1박스 [종합비타민+밀크씨슬+오메가3+루테인] + 선물용 쇼핑백 증정",29900,2237
20260323,12083740,346,덴프스,"""원조 한팩비타민"" 트루바이타민 (36일분) 유럽산 멀티비타민 틴케이스 에디션 외 택1 / 수험생 부모님 직장인 선물",29000,3517
20260323,702013,347,정원삼,환절기엔 [1+1/총40포] 정원삼 6년근 고려홍삼녹용 365스틱 (10g x 20포),24800,3930
20260323,739718,348,설혜담,"""진세노사이드20mg"" [단독] 오늘 하루 힘내삼 홍삼정 스틱 30포 / 건강 축하 응원 부모님 직장인 선물 활력 (톡별)",17900,8115
20260323,9220433,349,마더네스트,마더네스트 프로폴리스 맥스 60캡슐 (2개월분),29900,452
20260323,337905,350,뉴트리디데이,"""프리미엄 멀티비타민"" 멀티비타민 앤 미네랄 츄어블 1+1 NEW 플러스 오메가3 증정",15900,10000
20260323,10102364,351,네추럴라이즈,"""귀여운 건강선물"" [부적 증정] 우주먼지 데일리 비타씨 플러스 사르르 유산균 (택 1) / 비타민C 분말 / 비타민 선물 / 유산균",8900,1823
20260323,10550059,352,베노프,"""20g고단백 쉐이크"" [바삭한 토핑이 가득!] 단백질쉐이크 1통(초콜릿/미숫가루/초코헤이즐넛라떼 등) 8종 택1 (+보틀증정)",31900,1029
20260323,9482682,353,건강식품,"""호주직수입+항균작용"" [오리진에이] 프리미엄 프로폴리스 프레쉬 브레스 스프레이 25ml x 2개+쇼핑백증정",50000,304
20260323,12535554,354,삼대오백,[선물추천/운동]삼대오백 WPI 웨이 프로틴 1KG 포대 단백질 쉐이크 헬스 보충제,62900,95
20260323,9842036,355,종근당건강,[카쇼라 증정 이벤트] 아이클리어 루테인지아잔틴 아스타잔틴 2박스(60캡슐) + 프로메가 알티지오메가3듀얼 15일분 증정,36900,578
20260323,10848338,356,한끼통살,[한끼통살] 닭가슴살 실속 10팩세트(소스통살3+그릴드2+닭가슴살볼5),17500,1779
20260323,8220141,357,비마스터,"""감기조심 기력 회복"" [꿀프로] 국내산 프로폴리스 천연 꿀스틱 20포 (운동 골프 등산 러닝 간식 건강 선물)",23300,5207
20260323,3328905,358,고려은단,"""고함량 비타민D"" 고려은단 메가도스D 2000IU 90정(3개월) / 비타민D 츄어블",11000,509
20260323,612858,359,GNM자연의품격,"""뼛속까지감사한마음"" [총 6개월분] GNM 칼슘 마그네슘 아연 비타민D 90정 x 2병 / 망간 뼈건강 칼마디",23900,1207
20260323,1289146,360,GNM자연의품격,"""열일하는 당신을위해"" GNM 건조한 눈엔 루테인오메가3 3박스 (총 3개월분) / 눈건강 비타민A 비타민E",23900,1463
20260323,11300931,361,아일로,"""아이린 PICK 선물하기 1등 콜라겐"" 아일로 뮤신 콜라겐 젤리 20포 (2박스) + 쇼핑백 증정",29900,3663
20260323,10577436,362,엘레뉴,[단독/포장] 엘레뉴 임산부 비타민 미네랄 60구미 1개,24900,179
20260323,3494727,363,산골농장,산골농장 떠먹는 배도라지청 도라지배즙 진액 230g*2입 선물세트,36900,1944
20260323,999421,364,정관장,[정관장] 다보록 진심편정성,123000,160
20260323,11756066,365,셀렉스,"""건강한달콤"" 프로핏 맛있는 완전단백질 골라담기 딸기초코/모카초콜릿/밀크바닐라/바나나 250ml 36팩",55900,587
20260323,4183755,366,푸드올로지,"""체지방 감소 밀크씨슬"" [쇼핑백 증정] 파란통 다이어트 맨올로지 컷 프로 80정(1병) / 회식 직장인 선물",39800,686
20260323,1018708,367,콤비타(식품),"""환절기 목캔디 선물"" [백화점동일] 프로폴리스 마누카 꿀캔디 레몬, 쿨민트, 올리브잎추출액, 엘더베리 12개입(택1)",9900,1189
20260323,3856276,368,산골농장,산골농장 하루한포 배&도라지스틱 배도라지즙 도라지배즙 30포 세트,17900,1252
20260323,12730945,369,종근당,침향환 진 60환 1박스 황제 침향 단 녹용 환 홍삼 선물,44800,5364
20260323,10825162,370,프로티원,"""급찐살 급빠찬스!"" [단독/쇼핑백/선물포장] 프로티원 단백질 쉐이크 & 보틀 gift 세트 (+ 메세지카드)",36900,2123
20260323,6628098,371,락티브,"""두배 감동 편지"" 락티브 오은영 미오 이노시톨 앤 콜린 1박스(30포) ""신혼부부선물,임신여성건강템""+손편지증정",37000,552
20260323,9536623,372,정관장,[정관장] 정관장 홍삼톤 류 (50ml x 15병),99000,34
20260323,1302564,373,정관장,[정관장] 홍삼진고 (250g x 2병),132000,605
20260323,12065660,374,CJ웰케어,"""편안한 밤 필수템"" 식물성 멜라토닌 1mg 구미 젤리 멜라메이트 1박스 (50구미) 수험생/직장인 선물",20900,578
20260323,7999261,375,삼대오백,[헬스 운동 선물]삼대오백 시그니쳐 월클펌프 부스터80g 1BOX 15포 카페인 집중 펌핑 간편 부스터,27900,836
20260323,12171825,376,삼대오백,정제로 간편하게 [삼대오백] 크레아퓨어 크레아틴 고함량 120정 독일산 원료,22900,369
20260323,7795191,377,락티브,"""오은영 감동편지"" [1+1] 락티브 오은영 원더 플로라 질 유래 유산균(총 82일분)+생일손편지 증정",19000,8045
20260323,11278400,378,CJ웰케어,"""단독/선물패키지"" ""마시는 콜라겐/히알루론산 앰플"" CJ 이너비 글로우 앰플/아쿠아 앰플 선물세트",12900,2234
20260323,2206559,379,홀리데이즈,"""여성 필수영양"" 멀티비타민&미네랄 포우먼 여성 비타민 2병 +선물케이스",21900,1119
20260323,10471927,380,동국제약,동국제약 엘리나 고함량 비타민C 1박스(30포)+기프트백 증정 / 연말 크리스마스 감사 직장인 영양제 선물,9900,3555
20260323,11474634,381,본죽식품,[환절기 선물] [본죽] 목에는 짜먹는 스틱 3종 세가지맛 세트 1+1 (총60포) (배도라지/모과생강/꿀유자) 과일청 세트,26900,18
20260323,4694323,382,다신샵,"""탄수DOWN"" '식단간식' 통밀당 시카고씬피자 8종 8팩 골라담기",22900,544
20260323,2464026,383,건강즙,"""여성건강/출산선물"" [즙통령] 물 넣지않은 100%국내산 유기농 늙은호박즙 30포 (100ml x 30포)",29800,245
20260323,6588718,384,다신샵,"""간식먹고 힘내"" 입터짐방지스낵 23종 마음대로 골라담기 / 식단과자 단백칩 콘칩 프로틴바 곤약팝콘 쉐이크 초코",14900,2598
20260323,7271929,385,옵티젠,"""한국인 맞춤 비타민"" 옵티젠 이뮨 멀티비타민&미네랄 10입 x 3박스 (+GIFT패키지)",76900,1002
20260323,2142960,386,비마스터,"""감기조심 건강 회복"" 국산 프로폴리스 꿀스틱 30포 / 천연 벌꿀 허니스틱 꿀",54900,5336
20260323,7596637,387,종근당,"""직장인/수험생 선물"" 수면 건강 아쉬아간다 1박스(1개월분) 꿀잠 타트체리 마그네슘",32800,837
20260323,4929511,388,에버콜라겐,"""콜라겐피부선물"" [단독패키지+메시지카드] 에버콜라겐 타임 30포(1개월) (저분자콜라겐펩타이드)",27000,7344
20260323,12767917,389,동국제약,[초소형 미니캡슐] 마이핏 V 활성형 비타민D 2000IU+비타민K 3개월분 1박스 / 부모님 직장인 뼈건강,9900,139
20260323,10847775,390,종근당,"""건강 회복"" 모겐잘 배도라지 스틱 50포x15g 국내산 배 도라지 건강",27900,510
20260323,6641754,391,프레스샷,"""에너지 선물"" [액상비타민+쇼핑백 증정] 에너지선물 눌러먹는 프레스샷(프레스샷 2박스+쇼핑백) 종합비타민 엽산 아연 직장인 수험생 부모님 (프레스샷 올인원 토탈 케어 앰플 멀티 종합 비타민 영양제)",51200,961
20260323,6961334,392,GNC,"""종합비타민&간건강"" GNC 남성 건강 세트 (메가맨 멀티 비타민 + 밀크씨슬) + 신년카드 + 리미티드 패키지",49900,387
20260323,3723916,393,허벌랜드,제로슈가 이뮨멀티비타민 (멀티비타민/눈건강루테인)식물성구미비타민젤리 2종 택1,19900,1293
20260323,11662815,394,솔가,솔가 엽산 800 100정,30400,56
20260323,9265798,395,뉴트리원,카무트 효소 골드 2박스 2개월분 +쇼핑백 증정 / 고소한 곡물맛,34500,289
20260323,5434181,396,바이탈뷰티,"""수면 선물"" 잠못이루는 밤~'굿슬립 가바 365 14일분 선물세트",17000,3585
20260323,9689776,397,원기담,"""홍삼과 녹용의 기운"" 원기담 녹용 홍삼정 활력 20ml*20병",27500,514
20260323,3564870,398,삼대오백,"""For 운동하는 헬스인"" 삼대오백 헬스부스터 [카페인 아르기닌]",18900,2255
20260323,2310057,399,광동생활건강,"[광동]"" 대용량 비타민 추천"" (+화이트데이 젤리 )비타500데일리스틱 2g* 180포",25900,591
20260323,6956321,400,GNC,"""남성종합비타민세트"" GNC 메가맨 멀티비타민(90정) 2입 세트",54900,69
20260323,4502851,401,다신샵,"""간식먹구 힘내"" 죄책감없이 다신나는간식박스 16종 선물세트 가벼운 단백질 과자",26900,2168
20260323,12511676,402,랩노쉬,[사과초모식초를 맛있게!] [클룹] 애사비소다 500ml 7종 24개 골라담기,27900,103
20260323,11403179,403,삼대오백,"""For 운동하는 헬스인"" 삼대오백 바이퍼 에너지드링크 12캔 운동인을 위한 부스터 [아르기닌,음료]",17800,262
20260323,11754551,404,다신샵,"""모짜렐라 듬뿍~"" 저당 곤약현미떡마리 100g 3종 9팩 / 곤약찰바",19900,360
20260323,11699354,405,삼대오백,"""신규맛 출시 대용량"" 삼대오백 오리지널 EAA 700g 1통 [헬스 운동 BCAA EAA 단백질 ]",48900,236
20260323,2031027,406,베로카,"[단독] ""비타민C 500% 함유! 에너지 활력 UP"" 베로카 발포 비타민 선물세트 (45정 + 컵)",25900,2520
20260323,7512660,407,콤비타(식품),"""건강 회복 감사선물"" 콤비타 UMF5+ 마누카 꿀스틱 사셰 7입 x 2박스 (2주일분)",29800,337
20260323,1162257,408,즙쟁이,"""편안한 하루"" 양배추사과즙 1박스 30포 국산 양배추즙",14900,952
20260323,12771135,409,농협-한삼인,"""부모님추천 선물세트"" 한삼인 홍삼진 선물세트+쇼핑백/추천선물",55900,4969
20260323,8006427,410,익스트림,"""블루베리맛 젤리스틱"" [익스트림] 김종국 아르기닌 젤리스틱 5000 (14포) + 선물포장",19900,10000
20260323,1266659,411,종근당건강,"""혈행건강 오메가선물"" 종근당건강 프로메가 알티지 오메가3 듀얼 1박스(30일) 흡수율UP 장용성 캡슐",18900,1238
20260323,7912432,412,덴프스,"""덴마크 직수입유산균"" 덴마크 유산균이야기 2박스(4개월분) 수험생 부모님 직장인 선물 실온보관 유산균 100억 CFU 보장",62000,400
20260323,743352,413,뉴트리디데이,"""건강선물"" 종합 비타민 / 칼슘 / 오메가3 3개입 선물세트",14900,10000
20260323,3334544,414,고려은단,"""혈행 건강 선물"" 고려은단 식물성 퓨어 알티지 오메가3 기억력+ 60캡슐(1개월)",18000,572
20260323,12700868,415,니아르,[사나PICK] 니아르 브이케어 28정(1박스),34900,4839
20260323,12553355,416,덴프스,"""여성의 질&장 케어"" 덴마크 유산균이야기 우먼 1개월분 외 택1 / 임신 출산 선물 유렉스 유산균 여성 질 건강",26000,201
20260323,3808231,417,건강식품,"""따뜻한 선물"" 당신의 건강을 밝혀드릴게요 비타민C 50포",14900,7538
20260323,10234120,418,한끼통살,[한끼통살] 닭가슴살 촉촉 10팩세트(소스통살5+스테이크5),16900,238
20260323,2011299,419,GNM자연의품격,"""간+장건강을 동시에"" GNM 밀크씨슬 생유산균 4박스(총 4개월분) / 프로바이오틱스 실리마린",29900,875
20260323,2271316,420,종근당건강,"""비타민C 1000%"" 종근당건강 아임비타 면역비타민C1000 분말스틱 1박스 (60포)",19900,563
20260323,2310598,421,동아제약,남녀노소 맞춤형 한포 비타민 셀파렉스 에센셜 4종 택1(30일분),22400,2540
20260323,2331981,422,콤비타(식품),"""목/구강 관리선물"" [1+1] 콤비타 프로폴리스 스프레이 20ML Lotus (총 2병)",35000,551
20260323,8022193,423,노티드(건강),"""달콤한 샤인머스캣맛"" [사쉐 증정] 노티드 스마일 이뮨 멀티비타민 2박스 (14개입)+쇼핑백 증정 / 액상 종합비타민 이뮨샷",36900,1231
20260323,10908431,424,삼대오백,삼대오백 WPC 1KG 패키지 헬스 운동 단백질 프로틴,49900,1943
20260323,7289302,425,허벌랜드,"""캐나다명품젤리비타민"" 허벌랜드 귤젤리 4종(비타민B컴플렉스/에너지멀티비타민/세포보호비타민C/비타민D3 1000 IU)비타민구미젤리 택1",20000,10000
20260323,2271565,426,뉴트리디데이,"""선물포장/문구선택"" 직수입 장용성캡슐 오메가3 골드 1100 1병 3개월분 [케이스동봉]",20900,2651
20260323,12952570,427,플라이밀,"""2주플랜"" 플라이밀 단백질쉐이크파우치 7개입 2세트, 13가지맛 택2",38900,49
20260323,2958297,428,랩노쉬,"""고단백 영양간식"" [랩노쉬] 단백쿠키바 12개입 (4종혼합/블랙쿠키/쿠키앤크림/피넛버터/밀크티)",13500,3034
20260323,10194787,429,케이뉴트라,"""잠 못드는 너에게"" 식물성멜라토닌 2mg 테아닌 함유 마이멜라코코 1박스(30정) 수험생 부모님 여행 시차적응",9900,1223
20260323,1392916,430,안국건강,"""눈건강+항산화+면역"" 아이원 루테인 지아잔틴 플러스 90캡슐 1박스 (3개월분)",27900,607
20260323,926439,431,종근당,종근당 20100 파워 루테인 30캡슐 3박스+선물케이스 /눈건강 직장인선물 선물 추천,18900,2111
20260323,10446705,432,푸드올로지,제로 슈거 애사비 크리스피 20포(1박스) 3종 택 1 / 유기농 애플사이다비니거 초모 식초,22800,6898
20260323,11794084,433,황금이네,"""국내산 원물만 담은"" 황금이네 ABC주스 100ml x 30포",22500,550
20260323,9409685,434,삼진제약위시헬씨,"""하루한병 면역력선물"" 삼진제약 하루엔진 이뮨부스터샷 밀크씨슬+마그네슘+멀티비타민 7개입",16500,2529
20260323,1162261,435,즙쟁이,"""편안한 하루를 위한"" 양배추사과즙 90mlx30포, 2개 양배추즙",24900,291
20260323,7026643,436,뉴트리디데이,"""선물포장"" ""쫄깃탱 맛있는 비타민 젤리"" 비타구미 / 아이구미 1+1 2개월분 (비타민, 루테인)+선물세트 케이스 택1",22900,1520
20260323,11635516,437,웰릿,"""추석/동료 감사선물"" 웰릿 간+스트레스피로싹 알클리버 14정 2박스(+쇼핑백) 알콜성 간건강 개선에 도움 멀티비타민직장인 추천 연말연초 술자리필수템",56000,68
20260323,1009274,438,천호엔케어,"""환절기 필수템"" 배도라지청 스틱 10ml 30포 1박스 / 환절기 미세먼지 황사철 건강관리",11900,2084
20260323,2905160,439,뉴트리디데이,"""간 편한 선물"" 간건강 밀크씨슬 2병 (총 6개월분) /실리마린 비타민C",24900,7838
20260323,7031373,440,건강식품,이영애의 건강미식 효소 선물세트 효도 집들이 임신 결혼 출산 생일 (생생+새싹 총2박스) (이영애 효소 건강미식 생생 새싹 총),37900,5252
20260323,4492530,441,건강식품,비타리움 호주산 프로폴리스 스프레이 30ml*1세트,14900,1639
20260323,4829395,442,고려은단,"""맛있는 레몬맛 분말"" 면역케어 고려은단 비타민C 분말 스틱 60포 X 1개 (2개월분)",16000,711
20260323,9080349,443,올바른,올바른 '유기농 스페인 레몬즙 14포 2박스 총 28포 + 쇼핑백 증정,15900,75
20260323,10280879,444,꿀,"""따스함이 감기다"" 지리산 모향골 자연벌꿀 아카시아꿀스틱 선물박스 100g (10g x 10개) 환절기 건강 응원",9900,410
20260323,11639436,445,덴프스,"""고함량 마그네슘"" 마그네슘 솔루션 2박스(2개월분) 블루베리맛, 워터믹스 가능 신경,근육기능 유지",36600,307
20260323,10355517,446,대웅제약,"""힘나는 에너지젤리"" [대웅제약] 에너씨슬 집중샷 10입 /잠깨는젤리 식물성카페인 아르기닌 비타민B 직장인선물",25900,1236
20260323,10733746,447,CJ웰케어,"""새해에는 활력선물"" [고함량 에너지] 블랙99 흑삼 아르기닌 & 타우린 2박스 (블루베리맛)",21900,251
20260323,3364796,448,리즈랩,"""프리미엄 GIFT""리즈랩 바이알 이뮨 플러스 22종 멀티비타민&미네랄 7입 (+이뮨2입)*_카쇼페",18900,10000
20260323,9821054,449,한끼통살,"""헬씨.벌스.데이"" [선물포장] 한끼통살 닭가슴살 올인원 케이크 15종(통살5입 + 스테이크5입 + 주먹밥5입)",27900,1013
20260323,2272895,450,건강환,[조선비책] 조선황림 침향환 침향 침향원 침향단 3.75g x 60환,99000,545
20260323,3889370,451,순수식품,"""하루한포의 건강선물"" 흑 배 도라지 생강 청 스틱 1박스(100포) 도라지배즙",21900,5804
20260323,7490084,452,고려은단,"""유재석 Pick"" 고려은단 멀티비타민 올인원 종합비타민 30정(1개월)",15000,855
20260323,7953740,453,프레스샷,"""활력마그네슘"" [쇼핑백 증정] 프레스샷 마그코어(1박스+쇼핑백) 종합비타민 액상비타민 마그네슘 직장인 수험생 부모님 (프레스샷 마그네슘 코어)",34900,10000
20260323,11662897,454,솔가,솔가 철분 25 60캡슐,20000,187
20260323,10173553,455,종근당,종근당 20100 루테인지아잔틴 아스타잔틴 플러스 2박스(4개월분)+선물케이스,49900,226
20260323,6434568,456,건강식품,"""단백질음료"" 테이크핏 맥스24G 고소한맛 250mL x 24입",32900,55
20260323,7092773,457,뉴트리디데이,"""쫄깃쫄깃 맛있는 비타민 젤리""  비타구미 / 아이구미  1개월분 (멀티비타민, 루테인, 비타민c&d)",11900,1463
20260323,2055929,458,GNM자연의품격,"""속편한 하루를 위한"" GNM 위건강 헬리코박터 솔루션 2박스 / 스페인감초추출물 비타민B 판토텐산",23900,477
20260323,7934308,459,뉴칸,"""간 건강+멀티비타민"" [7개입]뉴칸 X 위글위글 밀크씨슬+멀티비타민 더블파워 알부민함유",25800,6103
20260323,11684993,460,밀잇,"""속세맛 선물"" 밀잇 식단관리 단백질 쉐이크 560g 9종 택1 (전용 보틀증정)",29900,388
20260323,13150934,461,비타바움,[비타바움] 멀티비타민 틴즈 플러스 브이-컴플렉스15 (10mlx7병),25900,1
20260323,10071393,462,이너시아,"""완벽한 이너케어"" [단독 사은품] 카이스트 개발 4세대 이노시톨 14포 (쇼핑백 증정)",28600,402
20260323,11282146,463,락티브,"""편한 밤을 위한"" 락티브 식물성 멜라토닌 함유 멜라드림 1박스(2개월분)/직장인선물 여행선물 퇴사선물 +손편지 증정",21900,376
20260323,12185766,464,하드라인,"""편안한밤을 선물할게"" 젤라토닌 식물성 멜라토닌 구미젤리 1mg 1+1 (총 60개) 직장인 선물",38400,99
20260323,7837074,465,랩노쉬,"""BEST 프로틴"" [랩노쉬] 프로틴 드링크 미니 260ml 12개입 (카카오/스트로베리)",17900,164
20260323,10763725,466,플라이밀,"""크런치토핑"" 플라이밀 단백질쉐이크파우치 7개입 1세트, 13가지맛 택1 + 쇼핑백증정",23500,666
20260323,12249390,467,동국제약,"""고함량 콜라겐 4000mg"" 동국제약 저분자 액상 콜라겐 앰플 부스터샷 4000 1박스 (14병) + 기프트백 증정",21900,5437
20260323,7695547,468,캔틴나인,'쌩얼자신감 100%충전' [백옥타치온] 글루타치온+콜라겐 (엄마/연인/스승의 날 선물) 서퍼데이 스노우,39000,6001
20260323,9240829,469,꿀,"""감기조심 건강 응원"" 지리산 모향골 자연 벌꿀스틱 3종 혼합 90포 선물박스 + 쇼핑백 (아카시아꿀 야생화꿀 밤꿀 각 30포)",53900,410
20260323,7021082,470,건강식품,"""활력과 기력 충전"" 정원장 6년근 장홍삼 에브리데이 홍삼스틱 100포 (국내산/대용량)",26900,676
20260323,8328904,471,비타민하우스,"[화이트데이 특가] ""활력충전! 아르기닌"" 글루타민 아르기닌 6000 2박스 선물 포장 / 메세지 카드 / 생일",21900,1809
20260323,12137888,472,로트벡쉔,"""아포테케 1위"" 로트벡쉔 이뮨샷 / 이뮨샷 골드 선물세트 (7병입) 중 택 1 - 고함량 액상 멀티비타민 면역+멀티비타민",44800,192
20260323,10981487,473,덴프스,"""고함량 비타민B군"" 트루바이타민 액티브 1박스(1개월분) 비타민13종 고함량 프리미엄 비타민 수험생 부모님 직장인 선물",35000,437
20260323,11711906,474,플라이밀,"""새콤달콤"" 라이블링 애사비 클렌즈 스타터팩 4가지맛 총20포",19500,561
20260323,6656890,475,끌레르허니,끌레르허니 꿀스틱 허니스틱 10포 천연벌꿀 세트 (아카시아꿀 야생화꿀 밤꿀),13900,1064
20260323,10293706,476,종근당,종근당 비타민C플러스 1000 1통 120포 가루 분말 아스코르빈산,17900,1368
20260323,6754361,477,에스더포뮬러,여에스더 글루타치온 필름 1박스 (30매입),24900,1851
20260323,11142213,478,데이팩,"""건강선물 비타민선물"" ""30일분"" [한팩 멀티 종합비타민+유산균+오메가3] 데이팩 올인원 멀티팩 영양제 1박스",38900,175
20260323,11713137,479,덴프스,"""고함량 비타민D"" 비타민D 츄어블 4000IU 3박스(6개월분) 맛있는 츄어블 프리미엄 고함량 햇빛 비타민 레몬맛",26000,407
20260323,8173276,480,농협-한삼인,"[카쇼페] ""대용량 가성비 침향"" 한삼인 홍삼진 침향환 골드 100환 + 쇼핑백/3개월분 침향환",54900,206
20260323,2958309,481,랩노쉬,"""고단백 식단간식"" [랩노쉬] 단백쿠키바 24개입 (4종혼합/블랙쿠키/쿠키앤크림/피넛버터/밀크티)",25900,863
20260323,12200587,482,세노비스,"""신경과 근육 기능 관리"" 세노비스 마그네슘 (90정/90일분) x 2개",30000,271
20260323,12202728,483,건강즙,"""인기레시피 무꿀배청"" [김소형원방] 목편한 무꿀배 스틱 (20g x 15포)",16900,2365
20260323,12805412,484,GNM자연의품격,GNM 올리브오일 엑스트라버진 식물성 캡슐 30캡슐 x 5박스(총 150캡슐) / 유기농 올리브유 100% 단일품종 스페인산,31900,3012
20260323,10357425,485,에스더포뮬러,"""달달한 사과맛"" 맛있게 즐기는 여에스더 맛있는 애플양배추 스틱 2박스",23820,24
20260323,12083931,486,덴프스,"""프리미엄 선물세트"" 덴마크 유산균이야기&트루바이타민I 선물세트 외 3종 택1 / 수험생 부모님 직장인 선물",59000,118
20260323,7713152,487,랩노쉬,"""NEW 신규맛 출시"" [랩노쉬] 슬림쉐이크 단백질 쉐이크 9종 (7개입)",22900,481
20260323,10943014,488,대웅제약,"""간편한선물"" [대웅제약] 에너씨슬 3개월분 ""피로한 간을 위한 단 하나의 선택"" 밀크씨슬",28900,240
20260323,7553485,489,바이오가이아,"""""임신/출산선물"""" [체험분/쇼핑백증정] 이지 드롭 프로바이오틱스 + 비타민D 10ml (2개월분)",65000,167
20260323,4830004,490,푸드올로지,"""올리브영 1위"" [체지방 감소+혈당 케어] 빨간통 다이어트 콜레올로지 컷 프로 60정(1병) + 쇼핑백 증정",40000,1126
20260323,9657493,491,웰릿,"""최대함량 면역템"" 웰릿 프리미엄면역젤리 이뮨베라플러스 14포 2박스(+쇼핑백) 면역력 증진 장건강 피부건강 알로에최대함량",54000,277
20260323,5320073,492,베노프,"""20g고단백 프로틴"" 베노프 단백질바 소프트바 10가지맛 1박스 (10개입) 부드러운 브라우니 식감 프로틴바",26900,732
20260323,10379429,493,밀잇,"""요즘대세 선물"" 밀잇 포켓형 단백질 쉐이크 7개입 세트 9종 택1",24500,398
20260323,12089583,494,데일리,"""맛있는 구미비타민"" 디즈니 데일리 제로슈가 60구미 (4종 택1)+쇼핑백 증정 (멀티,비타민C,포스트바이오틱스,애사비)",12900,2934
20260323,2517060,495,뉴트리원,[차주영 Pick!] 비비랩 인텐시브 콜라겐 2통 골라담기 선물세트 / 쇼핑백 증정,47900,195
20260323,11503836,496,GNM자연의품격,GNM자연의품격 갈아만든 국산 100% 토마토즙 1박스 / 저온착즙 완숙 토마토 주스,18900,38
20260323,2164162,497,GNM자연의품격,"""콜라겐구미 증정"" GNM 이성경 석류콜라겐젤리 스틱 3박스 (총 45포) / 300달톤",29900,5694
20260323,5388086,498,드시모네,프라임 1박스 (2개월분),99000,221
20260323,12552598,499,건강식품,"""올인원 이뮨 비타민"" 뉴트리모션 올인원 이뮨 종합 멀티비타민 미네랄 원샷 스틱 50입/ 종합비타민 비타민c",46900,15
20260323,12201720,500,프리솔라,"""약사설계/약국입점"" 프리솔라 비타민D 2000IU(2개월분) 임산부 임신준비 수유부",25500,144
